{"meta": "gaussian-nb", "classes_": [0, 1], "class_count_": [386.0, 354.0], "class_prior_": [0.5216216216216216, 0.4783783783783784], "theta_": [[0.9659346482533012, 0.3423497846910758, 0.23904940824030504], [0.901250320199722, 0.8954209766749125, 0.8364961160881741]], "var_": [[0.026539727000589826, 0.07728757918215792, 0.07758185330659571], [0.05419142246208468, 0.05560052148075642, 0.09138852952775395]], "epsilon_": 1.7325544199899376e-10, "params": {"priors": null, "var_smoothing": 1e-09}}