{"meta": "gaussian-nb", "classes_": [0, 1], "class_count_": [337.0, 403.0], "class_prior_": [0.4554054054054054, 0.5445945945945946], "theta_": [[0.008902077151335312, 0.0], [0.7419354838709677, 0.7444168734491315]], "var_": [[0.008822830415282874, 2.415558802045278e-10], [0.191467221885677, 0.19026039221490873]], "epsilon_": 2.415558802045278e-10, "params": {"priors": null, "var_smoothing": 1e-09}}